Date,Open,High,Low,Close,Volume,Dividends,Stock Splits
2024-05-03 00:00:00-04:00,187.64809680020358,188.16608254104466,184.1883415771394,186.19186401367188,8922800,0.0,0.0
2024-05-06 00:00:00-04:00,187.38418701319216,187.84353504740284,185.51749097117377,187.6480712890625,7911100,0.0,0.0
2024-05-07 00:00:00-04:00,187.3548778882481,188.55699423151734,187.30600821790244,187.40374755859375,7688800,0.0,0.0
2024-05-08 00:00:00-04:00,186.67073630113217,192.1926657291617,186.67073630113217,191.21533203125,9227600,0.0,0.0
2024-05-09 00:00:00-04:00,190.7462025785571,193.11134817113842,190.67779697925087,193.0233917236328,7977300,0.0,0.0
2024-05-10 00:00:00-04:00,194.03983567946221,194.8217056600985,193.77596630492945,194.26463317871094,7529800,0.0,0.0
2024-05-13 00:00:00-04:00,194.29396068472738,195.32016414813458,193.55117745909578,194.2255401611328,7049200,0.0,0.0
2024-05-14 00:00:00-04:00,194.48941777847745,197.01094066284546,193.66846100112872,196.94252014160156,8596200,0.0,0.0
2024-05-15 00:00:00-04:00,197.43119132099355,198.09578604541647,195.24197320037683,197.5289306640625,8370000,0.0,0.0
2024-05-16 00:00:00-04:00,197.63641914201853,199.84518790334496,197.41163656989713,197.88075256347656,8497900,0.0,0.0
2024-05-17 00:00:00-04:00,199.19037998672493,200.40227914931614,198.21304628193718,200.14816284179688,9260500,0.0,0.0
2024-05-20 00:00:00-04:00,199.75723439281114,201.21346697480323,190.97099905911904,191.1469268798828,17373300,0.0,0.0
2024-05-21 00:00:00-04:00,192.53474965055523,195.36901157364028,192.14382211389852,194.9976348876953,14420800,0.0,0.0
2024-05-22 00:00:00-04:00,194.48941087269716,196.38544068134388,193.20910608166415,193.81504821777344,9425300,0.0,0.0
2024-05-23 00:00:00-04:00,193.32638465933397,193.80528356043,191.6258334965717,192.45655822753906,8069400,0.0,0.0
2024-05-24 00:00:00-04:00,193.2677453834201,196.20951454626544,193.08204958838633,196.16065979003906,7355400,0.0,0.0
2024-05-28 00:00:00-04:00,195.32991384858042,195.86745036608377,194.1571163913459,194.9780731201172,6910200,0.0,0.0
2024-05-29 00:00:00-04:00,193.51207582457423,194.47964157235154,192.4272348029799,193.6195831298828,6120000,0.0,0.0
2024-05-30 00:00:00-04:00,194.05938427231624,195.320153143245,193.9030072954224,194.8119354248047,6829700,0.0,0.0
2024-05-31 00:00:00-04:00,194.78260175091833,198.6919363975482,193.85413775492938,198.03712463378906,14417900,0.0,0.0
2024-06-03 00:00:00-04:00,197.7243826360642,197.83188994185147,194.67510619981314,197.24549865722656,6444300,0.0,0.0
2024-06-04 00:00:00-04:00,195.62311616668424,197.40185573864696,193.78572404610256,194.64578247070312,6848300,0.0,0.0
2024-06-05 00:00:00-04:00,195.2321677835653,195.29082033039467,192.45654375077228,192.78883361816406,8351600,0.0,0.0
2024-06-06 00:00:00-04:00,192.78886575374426,193.53164900811333,190.90261862184542,192.44680786132812,7640300,0.0,0.0
2024-06-07 00:00:00-04:00,192.95499201112668,196.36589211260284,192.5445136322584,195.41787719726562,6964500,0.0,0.0
2024-06-10 00:00:00-04:00,194.7239778396924,196.28770286078478,193.94210787268156,195.08558654785156,6071200,0.0,0.0
2024-06-11 00:00:00-04:00,193.4241276680095,193.4534464877217,189.21182155615907,189.95458984375,9235300,0.0,0.0
2024-06-12 00:00:00-04:00,191.5574034963046,192.26108494708043,186.97370609800302,187.188720703125,12751300,0.0,0.0
2024-06-13 00:00:00-04:00,187.96083835956924,190.16960731763598,186.55347534054516,189.2704620361328,8587800,0.0,0.0
2024-06-14 00:00:00-04:00,187.11053648781814,190.44324803032708,187.08121766944421,189.38772583007812,6874000,0.0,0.0
2024-06-17 00:00:00-04:00,189.09453098184972,191.14693783512726,188.27357420571056,190.56053161621094,8725400,0.0,0.0
2024-06-18 00:00:00-04:00,190.1891643554303,193.4730065356642,189.72981627419742,192.53475952148438,9023000,0.0,0.0
2024-06-20 00:00:00-04:00,191.93856572168914,194.92920447281546,191.66491347733307,194.16688537597656,8731100,0.0,0.0
2024-06-21 00:00:00-04:00,192.25134215888914,192.70090736453233,189.817775580143,191.8506317138672,20972500,0.0,0.0
2024-06-24 00:00:00-04:00,193.3263619520371,194.71417390981966,192.63246342960966,194.3721160888672,9785900,0.0,0.0
2024-06-25 00:00:00-04:00,193.6000260486927,195.53515748196287,193.25796820675964,193.5804901123047,6915900,0.0,0.0
2024-06-26 00:00:00-04:00,192.9745374220214,193.45343630700023,191.83105877463495,192.95498657226562,7758600,0.0,0.0
2024-06-27 00:00:00-04:00,192.96476499762983,195.32991072388057,192.43699645691333,194.65554809570312,7913500,0.0,0.0
2024-06-28 00:00:00-04:00,195.47650579128756,198.0078113799218,194.78260722325575,197.67550659179688,15307600,0.0,0.0
2024-07-01 00:00:00-04:00,198.2423863104801,202.39605500023916,198.0664733830028,200.79322814941406,10205800,0.0,0.0
2024-07-02 00:00:00-04:00,200.63684865912472,204.1259374732244,200.12864582190664,204.09661865234375,7802900,0.0,0.0
2024-07-03 00:00:00-04:00,204.8002854335967,205.6114742163925,202.94334240491855,203.95977783203125,5560900,0.0,0.0
2024-07-05 00:00:00-04:00,203.41926238573083,203.7926968848938,200.9918706611392,201.2572021484375,8093100,1.15,0.0
2024-07-08 00:00:00-04:00,201.50289881017656,203.33081300763516,200.45136491460582,201.6306610107422,8707000,0.0,0.0
2024-07-09 00:00:00-04:00,202.0827345182002,206.14147875268137,201.90583185424475,204.04823303222656,9058900,0.0,0.0
2024-07-10 00:00:00-04:00,202.58391898797578,204.3823518190028,202.03358183662465,204.2152862548828,8328500,0.0,0.0
2024-07-11 00:00:00-04:00,202.65272319654326,204.51011862199186,201.83703954470798,203.87132263183594,10658100,0.0,0.0
2024-07-12 00:00:00-04:00,200.48084587923353,203.8713277736667,198.61362831289742,201.40463256835938,15443400,0.0,0.0
2024-07-15 00:00:00-04:00,203.6158196968508,207.95956958643774,203.15392634927454,206.42648315429688,10719700,0.0,0.0
2024-07-16 00:00:00-04:00,206.37732824754642,210.05281558711948,204.49045161732204,209.93487548828125,11557000,0.0,0.0
2024-07-17 00:00:00-04:00,210.1117824439957,213.80691404612054,209.59092656643872,213.12881469726562,11572500,0.0,0.0
2024-07-18 00:00:00-04:00,211.91020780994904,212.90277907083097,205.63044122875473,206.357666015625,12415100,0.0,0.0
2024-07-19 00:00:00-04:00,207.55663492330626,208.6868055381195,205.31596787265246,206.1611328125,8095900,0.0,0.0
2024-07-22 00:00:00-04:00,206.82939898795496,208.50989168797275,206.09233710307217,206.65249633789062,7663200,0.0,0.0
2024-07-23 00:00:00-04:00,207.3797595662671,207.83181584256909,205.73857004991763,206.70166015625,5557300,0.0,0.0
2024-07-24 00:00:00-04:00,205.93511460795057,208.3723286234132,204.48064987241554,204.99166870117188,7119000,0.0,0.0
2024-07-25 00:00:00-04:00,205.0506227988765,206.5640650250406,204.46098225258515,205.07028198242188,6403800,0.0,0.0
2024-07-26 00:00:00-04:00,205.6304420604461,209.48281701358428,205.0211273770822,208.5786895751953,8027800,0.0,0.0
2024-07-29 00:00:00-04:00,208.981613584145,209.9250594241352,206.91784923973353,207.21267700195312,6533600,0.0,0.0
2024-07-30 00:00:00-04:00,209.5516185907068,212.06745427396146,209.28628708974415,211.47781372070312,8850700,0.0,0.0
2024-07-31 00:00:00-04:00,211.07488289701848,212.65710979070278,209.00128137791128,209.12904357910156,9071600,0.0,0.0
2024-08-01 00:00:00-04:00,209.52213987600666,210.14127671028746,202.81979769992722,204.37254333496094,10918600,0.0,0.0
2024-08-02 00:00:00-04:00,200.36291815303966,201.13928344801727,193.49349562520945,195.70468139648438,18041700,0.0,0.0
2024-08-05 00:00:00-04:00,190.70248346449543,192.78590695030917,187.60681451628977,191.53781127929688,13927000,0.0,0.0
2024-08-06 00:00:00-04:00,192.02920357759774,199.10501039977015,190.6533605819331,196.8839874267578,10605800,0.0,0.0
2024-08-07 00:00:00-04:00,199.99929821221954,202.2006619718224,196.7464005331295,196.9429473876953,9204400,0.0,0.0
2024-08-08 00:00:00-04:00,198.97722732733428,201.37513772164357,198.30895008840693,200.539794921875,7761200,0.0,0.0
2024-08-09 00:00:00-04:00,199.9599940499609,202.90824184349776,199.3998197713183,202.2498016357422,5540200,0.0,0.0
2024-08-12 00:00:00-04:00,202.84927793581178,203.56668069536957,200.14671747640378,202.63307189941406,6936000,0.0,0.0
2024-08-13 00:00:00-04:00,204.14650606544495,204.50029641010514,201.85669841744507,204.35289001464844,6387800,0.0,0.0
2024-08-14 00:00:00-04:00,204.15633186390224,207.12422376241682,203.5470171400654,206.6132049560547,6999800,0.0,0.0
2024-08-15 00:00:00-04:00,209.32558764369173,210.200233865479,207.45837009016583,207.90060424804688,7001000,0.0,0.0
2024-08-16 00:00:00-04:00,208.03818732080828,210.39677947937662,207.93990639938326,210.2788543701172,7931200,0.0,0.0
2024-08-19 00:00:00-04:00,210.30833873534843,211.81194388273644,210.13145106886205,211.7333221435547,6090800,0.0,0.0
2024-08-20 00:00:00-04:00,211.29108188098502,212.2738310990361,209.9938457152873,210.81936645507812,5640000,0.0,0.0
2024-08-21 00:00:00-04:00,210.73091442656337,211.2910886967928,209.16834671839212,210.8979949951172,5202300,0.0,0.0
2024-08-22 00:00:00-04:00,210.8783207772505,213.0600251558063,210.64245557572255,212.89295959472656,5247100,0.0,0.0
2024-08-23 00:00:00-04:00,213.846232294366,215.40879992617937,212.76520217423942,214.54397583007812,7214000,0.0,0.0
2024-08-26 00:00:00-04:00,215.23190142321664,215.8903416016062,214.28847056887702,215.38914489746094,5105200,0.0,0.0
2024-08-27 00:00:00-04:00,215.72327369593296,216.61757907599807,215.40880174641512,216.3817138671875,5185200,0.0,0.0
2024-08-28 00:00:00-04:00,215.4677780378103,218.3767224830279,215.40881548073895,217.4725799560547,6506400,0.0,0.0
2024-08-29 00:00:00-04:00,218.31774669005353,219.13343039243037,215.16312989680014,218.37672424316406,6416100,0.0,0.0
2024-08-30 00:00:00-04:00,218.66170138346578,221.59028985941703,218.10152713036598,220.92202758789062,8574100,0.0,0.0
2024-09-03 00:00:00-04:00,218.46514742323728,220.23409896019697,215.45793730818713,216.49964904785156,8956100,0.0,0.0
2024-09-04 00:00:00-04:00,217.22687947571416,218.2391249611723,213.4629631854609,215.54638671875,7389500,0.0,0.0
2024-09-05 00:00:00-04:00,216.35224983170718,216.9910458664722,212.30332756229168,213.875732421875,8067900,0.0,0.0
2024-09-06 00:00:00-04:00,213.84623702501761,214.96657053994943,207.4485299830759,208.79490661621094,7777000,0.0,0.0
2024-09-09 00:00:00-04:00,211.47780580786753,214.3867350844514,210.48521950434235,213.06985473632812,8935100,0.0,0.0
2024-09-10 00:00:00-04:00,214.8289735283884,214.86827689695218,197.14931064660243,202.013916015625,28406900,0.0,0.0
2024-09-11 00:00:00-04:00,201.70926643975696,204.1169988987561,198.34826608953395,203.6551055908203,13658700,0.0,0.0
2024-09-12 00:00:00-04:00,204.06785483482824,205.17836617201317,201.3554725814163,203.03598022460938,9055800,0.0,0.0
2024-09-13 00:00:00-04:00,203.29151035806873,204.26443751350854,199.51775683880004,200.7953338623047,10226700,0.0,0.0
2024-09-16 00:00:00-04:00,202.27926656970143,204.61821442883218,202.04340136687367,204.2742462158203,8634900,0.0,0.0
2024-09-17 00:00:00-04:00,204.14649103641656,206.30853631881064,204.07770638878867,205.64027404785156,7573300,0.0,0.0
2024-09-18 00:00:00-04:00,205.4044004992118,207.69420788569158,203.134252295069,203.94993591308594,8259900,0.0,0.0
2024-09-19 00:00:00-04:00,206.16113857566475,208.25439929817213,203.76322798182906,206.84906005859375,11635200,0.0,0.0
2024-09-20 00:00:00-04:00,206.3085393946755,207.7728411510209,205.8859644221329,207.4485321044922,20885000,0.0,0.0
2024-09-23 00:00:00-04:00,207.36008367508768,208.14628604358447,206.36751236964275,207.79249572753906,7223500,0.0,0.0
2024-09-24 00:00:00-04:00,207.50749881796742,209.27645047286583,206.7409556001054,207.93991088867188,7323200,0.0,0.0
2024-09-25 00:00:00-04:00,208.02834310483743,208.5786952521755,205.01131086365388,206.56405639648438,8976500,0.0,0.0
2024-09-26 00:00:00-04:00,207.48785027471803,208.04800953959986,205.40441170465013,206.1611328125,7807500,0.0,0.0
2024-09-27 00:00:00-04:00,207.01611976551152,208.7752492886718,205.71889857669535,206.86871337890625,7032500,0.0,0.0
2024-09-30 00:00:00-04:00,202.7509767278069,207.32076931751,201.71908711106346,207.2224884033203,8663800,0.0,0.0
2024-10-01 00:00:00-04:00,205.29631326099215,205.48303801863204,202.63307117888843,203.46839904785156,8540100,0.0,0.0
2024-10-02 00:00:00-04:00,203.5077118702466,205.34544812745332,202.1416910435751,203.71408081054688,5810900,0.0,0.0
2024-10-03 00:00:00-04:00,202.61340765036468,202.92789460292266,200.81497475377728,201.6896209716797,7251300,0.0,0.0
2024-10-04 00:00:00-04:00,206.94988807449755,209.29327181595775,204.58672467758376,208.84832763671875,10211700,1.25,0.0
2024-10-07 00:00:00-04:00,208.6604524007274,210.93462991140802,207.33550218655432,208.5615692138672,6718900,0.0,0.0
2024-10-08 00:00:00-04:00,208.2155013560977,208.95707997068217,206.04020710414096,208.3835906982422,6021800,0.0,0.0
2024-10-09 00:00:00-04:00,207.34538926358616,211.83442051158937,207.02899021573995,211.02362060546875,7024000,0.0,0.0
2024-10-10 00:00:00-04:00,212.39801544891327,212.39801544891327,209.09552207412935,210.45013427734375,7927100,0.0,0.0
2024-10-11 00:00:00-04:00,213.2483439572866,222.10774308465892,212.7440759323716,219.79400634765625,18320700,0.0,0.0
2024-10-14 00:00:00-04:00,220.69379117886407,221.18817691855125,216.4223062334437,218.99310302734375,9048900,0.0,0.0
2024-10-15 00:00:00-04:00,221.14864261919945,222.91853700820153,219.32930663651948,219.8928985595703,9235800,0.0,0.0
2024-10-16 00:00:00-04:00,219.83358737553297,221.16841995717385,218.55806358729157,221.12887573242188,6382500,0.0,0.0
2024-10-17 00:00:00-04:00,221.75180626491755,223.31406717035992,220.80257891051903,221.90011596679688,6470200,0.0,0.0
2024-10-18 00:00:00-04:00,222.47360636345073,223.38327441008644,220.5949463891422,222.83944702148438,7000500,0.0,0.0
2024-10-21 00:00:00-04:00,222.69113735590264,223.16574349173558,220.39718003903886,220.49606323242188,5870000,0.0,0.0
2024-10-22 00:00:00-04:00,220.5158302211838,222.75044844117716,218.61739069944977,221.6034698486328,9586800,0.0,0.0
2024-10-23 00:00:00-04:00,221.14865163124108,222.27585061073344,220.03133493590457,220.90145874023438,6180500,0.0,0.0
2024-10-24 00:00:00-04:00,219.33918740228555,222.53291517735377,219.1710980549089,222.4538116455078,6002200,0.0,0.0
2024-10-25 00:00:00-04:00,222.47359483374228,223.0866283559648,218.3998609474393,219.8137969970703,6369700,0.0,0.0
2024-10-28 00:00:00-04:00,220.84213423885473,223.10641447562278,220.44661656188308,222.96798706054688,6843000,0.0,0.0
2024-10-29 00:00:00-04:00,222.681245959553,224.2039474981267,220.30818520257858,220.3971710205078,6580000,0.0,0.0
2024-10-30 00:00:00-04:00,220.04121520422268,223.768888190942,219.09200296042854,221.89022827148438,7110900,0.0,0.0
2024-10-31 00:00:00-04:00,222.17696053571638,223.15584978525882,219.32930877901737,219.4281768798828,7829900,0.0,0.0
2024-11-01 00:00:00-04:00,221.04977060827102,223.61068536323262,220.19942645136805,220.43673706054688,6923500,0.0,0.0
2024-11-04 00:00:00-05:00,220.14996414588077,221.247501092971,216.7090436174853,217.31219482421875,8229600,0.0,0.0
2024-11-05 00:00:00-05:00,217.55939294627441,219.46772979559552,217.5297310081334,219.0030059814453,5600700,0.0,0.0
2024-11-06 00:00:00-05:00,232.3613211001151,245.21535162905764,232.13390786139868,244.28590393066406,23987800,0.0,0.0
2024-11-07 00:00:00-05:00,241.7546504512181,241.82387170355156,232.57885142840973,233.725830078125,16451100,0.0,0.0
2024-11-08 00:00:00-05:00,236.65257798806775,236.65257798806775,233.13255370143304,234.31907653808594,9502100,0.0,0.0
2024-11-11 00:00:00-05:00,237.30516858414896,239.38159484424278,236.31639704838167,236.60313415527344,9017100,0.0,0.0
2024-11-12 00:00:00-05:00,237.84900648275757,238.74879224115483,236.07909690635358,236.8701171875,6861000,0.0,0.0
2024-11-13 00:00:00-05:00,237.8786591332518,241.3492418105167,237.6116865927064,238.4521484375,11472600,0.0,0.0
2024-11-14 00:00:00-05:00,239.69800218567153,241.5470001935604,238.34338996277597,239.1541748046875,10172200,0.0,0.0
2024-11-15 00:00:00-05:00,238.74878064816784,243.6530789957137,238.74878064816784,242.5555419921875,11518800,0.0,0.0
2024-11-18 00:00:00-05:00,244.97802857289207,245.14611792231315,239.955067395501,242.2786865234375,9052600,0.0,0.0
2024-11-19 00:00:00-05:00,239.5298939417164,242.39732523359064,238.8377569147939,240.36045837402344,6792700,0.0,0.0
2024-11-20 00:00:00-05:00,241.65574876176424,241.86339741541383,235.96043034861142,238.07640075683594,9015300,0.0,0.0
2024-11-21 00:00:00-05:00,240.49888432456902,242.73351753898677,239.3914650881921,242.01170349121094,8783500,0.0,0.0
2024-11-22 00:00:00-05:00,240.87463668583447,246.35242440676475,240.30114737922807,245.75917053222656,7997300,0.0,0.0
2024-11-25 00:00:00-05:00,246.7874924353732,251.45449545087982,246.26344471048196,247.47962951660156,10295400,0.0,0.0
2024-11-26 00:00:00-05:00,247.67738869231746,248.18165674665306,245.55152082707352,247.16322326660156,6212100,0.0,0.0
2024-11-27 00:00:00-05:00,246.55018270010947,248.36951866229163,245.97669341231065,246.9852294921875,5472300,0.0,0.0
2024-11-29 00:00:00-05:00,247.05445829628772,248.9430155640924,246.64905834273577,246.91603088378906,5494800,0.0,0.0
2024-12-02 00:00:00-05:00,246.7479498289157,247.44008691468215,242.27869808053418,243.48500061035156,8899700,0.0,0.0
2024-12-03 00:00:00-05:00,245.44274425717506,246.24364675503867,241.88317592361943,242.071044921875,6657700,0.0,0.0
2024-12-04 00:00:00-05:00,241.95239823576057,242.59510880361918,239.5101312703025,240.6669921875,7346300,0.0,0.0
2024-12-05 00:00:00-05:00,242.6346469951103,244.40454140883827,241.8732886867115,242.7236328125,6572500,0.0,0.0
2024-12-06 00:00:00-05:00,242.94115521564518,244.9582575302924,242.09081111975584,244.58251953125,5519700,0.0,0.0
2024-12-09 00:00:00-05:00,244.35511646291766,245.08679774940438,241.02294610062805,241.0723876953125,7076500,0.0,0.0
2024-12-10 00:00:00-05:00,241.15149011911905,245.17579752609484,239.50024345896406,240.133056640625,9108300,0.0,0.0
2024-12-11 00:00:00-05:00,241.2602560579329,241.52722859855038,239.46068461093157,240.7955322265625,7884400,0.0,0.0
2024-12-12 00:00:00-05:00,240.27147320946295,241.35912788860327,238.33347444139173,238.81797790527344,6113800,0.0,0.0
2024-12-13 00:00:00-05:00,239.3519378520738,239.9946333286232,236.45482934692114,237.245849609375,10392700,0.0,0.0
2024-12-16 00:00:00-05:00,237.90832607974627,237.96764995945912,234.85302557488242,236.889892578125,9032000,0.0,0.0
2024-12-17 00:00:00-05:00,235.97031559155997,236.33617131091611,233.97300799785273,235.68357849121094,8083600,0.0,0.0
2024-12-18 00:00:00-05:00,236.31639788977375,236.38561913950295,226.9527302057222,227.78329467773438,11322400,0.0,0.0
2024-12-19 00:00:00-05:00,229.6619682505312,233.70604020050013,229.6619682505312,230.34422302246094,11790800,0.0,0.0
2024-12-20 00:00:00-05:00,229.3158985948264,236.52405172280695,228.98960216923263,234.93212890625,32348400,0.0,0.0
2024-12-23 00:00:00-05:00,233.41929950082053,235.9406548018052,232.24265898038448,235.71324157714844,8611500,0.0,0.0
2024-12-24 00:00:00-05:00,236.7415514108146,239.76720485392838,236.38560815716602,239.58921813964844,3729100,0.0,0.0
2024-12-26 00:00:00-05:00,238.71910613413755,240.52855986642453,238.0862929507795,240.409912109375,4451800,0.0,0.0
2024-12-27 00:00:00-05:00,239.99463507356182,240.65711021053983,237.34471943819312,238.4620361328125,5730200,0.0,0.0
2024-12-30 00:00:00-05:00,236.08898513480727,238.13573437976999,234.44762075530065,236.6328125,5723800,0.0,0.0
2024-12-31 00:00:00-05:00,237.3546113199757,238.72900315780404,236.34606012415472,237.0184326171875,4871000,0.0,0.0
2025-01-02 00:00:00-05:00,238.214828493969,240.54832984260477,236.76133317877247,237.30516052246094,9220900,0.0,0.0
2025-01-03 00:00:00-05:00,241.15149108865305,242.130380347991,237.5622455585369,240.54833984375,9491100,0.0,0.0
2025-01-06 00:00:00-05:00,242.20810827543232,244.1859313037164,239.10721322157204,239.3755645751953,9917800,1.25,0.0
2025-01-07 00:00:00-05:00,240.65765741491037,243.75855242581702,239.42524303513548,241.6813507080078,8753400,0.0,0.0
2025-01-08 00:00:00-05:00,241.263923009297,242.75474024725352,239.0276971523622,241.6416015625,8675300,0.0,0.0
2025-01-10 00:00:00-05:00,241.60183919357027,242.31743268472198,237.27847828035397,238.40155029296875,10256800,0.0,0.0
2025-01-13 00:00:00-05:00,238.20278092058467,243.0429627908495,237.53688436167548,242.71499633789062,10005300,0.0,0.0
2025-01-14 00:00:00-05:00,241.17448076951155,246.20350189154246,240.70735681561123,245.9550323486328,12407400,0.0,0.0
2025-01-15 00:00:00-05:00,248.8670859721294,252.11707181174643,242.1882235029198,250.80516052246094,18448500,0.0,0.0
2025-01-16 00:00:00-05:00,252.4450580685519,255.46645623253497,250.78528332550556,252.71340942382812,15292300,0.0,0.0
2025-01-17 00:00:00-05:00,252.58421335556525,259.0245400547025,250.5964568909223,257.573486328125,17678100,0.0,0.0
2025-01-21 00:00:00-05:00,258.4778984477774,262.6323018466134,257.9113806213668,261.4197692871094,13712100,0.0,0.0
2025-01-22 00:00:00-05:00,261.2905567755741,261.7676292015455,258.6567857723807,261.2309265136719,9021900,0.0,0.0
2025-01-23 00:00:00-05:00,263.069633644008,265.22633243853437,262.19501594031266,264.3219299316406,10749700,0.0,0.0
2025-01-24 00:00:00-05:00,262.07573514391106,265.46486331834507,261.39990527266883,263.21868896484375,7666300,0.0,0.0
2025-01-27 00:00:00-05:00,262.55282602844756,264.34179471466797,260.6545149646572,264.2225341796875,7522300,0.0,0.0
2025-01-28 00:00:00-05:00,264.22252729273976,265.69344762683505,263.2087521103164,265.504638671875,7375400,0.0,0.0
2025-01-29 00:00:00-05:00,265.574176662941,269.0229351176284,263.98396552868303,264.9480285644531,7684900,0.0,0.0
2025-01-30 00:00:00-05:00,266.98549686081526,268.048953778913,264.9877920392538,266.58795166015625,8753500,0.0,0.0
2025-01-31 00:00:00-05:00,267.58184326396173,269.1621059891946,265.3257202998397,265.66363525390625,7196300,0.0,0.0
2025-02-03 00:00:00-05:00,260.2271114687441,266.528325843888,260.0979327827093,265.1766357421875,8381400,0.0,0.0
2025-02-04 00:00:00-05:00,268.18807554792284,268.18807554792284,265.19649261959887,266.2997131347656,5626000,0.0,0.0
2025-02-05 00:00:00-05:00,267.263791148507,268.9832113583836,266.687324805673,268.77447509765625,5704400,0.0,0.0
2025-02-06 00:00:00-05:00,270.7821247588098,275.2843917423059,269.5298285346734,275.2048645019531,7264400,0.0,0.0
2025-02-07 00:00:00-05:00,275.57260498963785,276.8447679065448,273.0282791558239,274.1116027832031,6857900,0.0,0.0
2025-02-10 00:00:00-05:00,274.45943999883946,274.48925512955987,267.93960188144194,269.3807373046875,8627400,0.0,0.0
2025-02-11 00:00:00-05:00,268.6055247259195,274.5290301440595,268.0091917560016,273.3065490722656,7196400,0.0,0.0
2025-02-12 00:00:00-05:00,272.40212481040146,274.75764163174756,271.5772192466031,273.7637634277344,6683900,0.0,0.0
2025-02-13 00:00:00-05:00,273.81343060553405,275.27443270076105,272.13377410385283,274.62841796875,8398700,0.0,0.0
2025-02-14 00:00:00-05:00,275.67198279153683,277.52061195725855,274.7576318615815,274.8967590332031,5688600,0.0,0.0
2025-02-18 00:00:00-05:00,275.0657322632962,278.2560726990323,274.3302417919727,278.2362060546875,7919800,0.0,0.0
2025-02-19 00:00:00-05:00,276.67582761557003,278.53437506010624,275.52292522451535,277.5404968261719,7007200,0.0,0.0
2025-02-20 00:00:00-05:00,276.9739646751005,277.033594939602,264.11317856451853,265.16668701171875,13846700,0.0,0.0
2025-02-21 00:00:00-05:00,266.67741567813727,267.55203337911627,261.2309520234313,262.62237548828125,12835600,0.0,0.0
2025-02-24 00:00:00-05:00,263.86470056458387,265.3654662782158,257.02681403378256,259.7401123046875,10372800,0.0,0.0
2025-02-25 00:00:00-05:00,260.6246825385414,261.3899578077281,251.7990395664852,255.82423400878906,9608400,0.0,0.0
2025-02-26 00:00:00-05:00,255.58572318246124,259.3127664562417,255.35712027593058,257.20574951171875,5943600,0.0,0.0
2025-02-27 00:00:00-05:00,258.58722909196575,262.0260695858289,256.28142433244926,257.4641418457031,8204400,0.0,0.0
2025-02-28 00:00:00-05:00,259.1338608307014,263.18887033501215,256.3112505258936,263.02984619140625,10467100,0.0,0.0
2025-03-03 00:00:00-05:00,262.3838493601168,264.689654103572,256.2416892567501,259.0245361328125,9058300,0.0,0.0
2025-03-04 00:00:00-05:00,253.7172236712603,255.6552982781972,244.44433831893184,248.718017578125,13465600,0.0,0.0
2025-03-05 00:00:00-05:00,249.71188866719606,251.50087239520067,246.3128271666759,249.99017333984375,7861400,0.0,0.0
2025-03-06 00:00:00-05:00,246.59111193964247,247.83345964495982,242.3571964194568,245.0307159423828,9983200,0.0,0.0
2025-03-07 00:00:00-05:00,243.72873623663241,245.20962015035235,237.95430656993176,240.7967987060547,20498700,0.0,0.0
2025-03-10 00:00:00-04:00,234.76398042623,236.05600997666537,227.29994530703334,230.79840087890625,18887200,0.0,0.0
2025-03-11 00:00:00-04:00,230.33126628704596,231.8916622959661,225.30224516480106,227.73724365234375,18143000,0.0,0.0
2025-03-12 00:00:00-04:00,232.5675001576764,232.88554846291444,225.86875559103464,226.5048370361328,16054000,0.0,0.0
2025-03-13 00:00:00-04:00,227.8962718495833,228.0950444543765,222.85730215022951,223.81143188476562,16467900,0.0,0.0
2025-03-14 00:00:00-04:00,226.723483097205,231.71275575272347,226.18679555862144,231.0170440673828,11962100,0.0,0.0
2025-03-17 00:00:00-04:00,229.76474461934126,234.22726299532854,229.0491662998078,232.49790954589844,9586000,0.0,0.0
2025-03-18 00:00:00-04:00,232.8855404304428,234.7242059485323,232.09043486014966,233.53155517578125,10344900,0.0,0.0
2025-03-19 00:00:00-04:00,234.296845138488,240.84649863583104,233.4520426282584,237.64620971679688,10120600,0.0,0.0
2025-03-20 00:00:00-04:00,235.11181550179046,240.27997890947805,234.7540187569687,237.54681396484375,8328500,0.0,0.0
2025-03-21 00:00:00-04:00,236.35416546025266,240.81668390835642,235.05218748247606,240.15078735351562,19326900,0.0,0.0
2025-03-24 00:00:00-04:00,243.97721999749032,247.16757574074137,242.91377819332533,246.5414276123047,9422700,0.0,0.0
2025-03-25 00:00:00-04:00,247.78377051306535,250.27841448980763,246.10411393607825,249.59263610839844,9287700,0.0,0.0
2025-03-26 00:00:00-04:00,251.05363639121194,253.11095635467274,248.25089262126588,249.4932403564453,12779300,0.0,0.0
2025-03-27 00:00:00-04:00,248.002415543592,249.10562090554743,245.6667958062251,246.60104370117188,8022500,0.0,0.0
2025-03-28 00:00:00-04:00,245.42828522619592,247.98254431515417,239.6339734981848,241.3633270263672,11978400,0.0,0.0
2025-03-31 00:00:00-04:00,237.94438261538116,244.35489394842733,235.90692927989483,243.79832458496094,13603000,0.0,0.0
2025-04-01 00:00:00-04:00,241.13472365949687,244.18593700817635,239.40538530000353,242.16836547851562,8054700,0.0,0.0
2025-04-02 00:00:00-04:00,240.12097266714437,245.73637827854148,239.98183032953702,244.3151397705078,7758800,0.0,0.0
2025-04-03 00:00:00-04:00,232.8358507344424,233.70051991765362,225.90851845013046,227.29000854492188,17188500,0.0,0.0
2025-04-04 00:00:00-04:00,215.30999755859375,217.6999969482422,208.92999267578125,210.27999877929688,27170700,1.4,0.0
2025-04-07 00:00:00-04:00,205.77000427246094,222.0500030517578,202.16000366210938,214.44000244140625,22914400,0.0,0.0
2025-04-08 00:00:00-04:00,223.52000427246094,227.83999633789062,213.25,216.8699951171875,19485700,0.0,0.0
2025-04-09 00:00:00-04:00,212.5,237.47999572753906,211.0,234.33999633789062,24022400,0.0,0.0
2025-04-10 00:00:00-04:00,230.0,230.35000610351562,220.10000610351562,227.11000061035156,18896400,0.0,0.0
2025-04-11 00:00:00-04:00,226.30999755859375,238.5800018310547,225.0,236.1999969482422,20284500,0.0,0.0
2025-04-14 00:00:00-04:00,237.10000610351562,239.77999877929688,233.6300048828125,234.72000122070312,13017800,0.0,0.0
2025-04-15 00:00:00-04:00,236.10000610351562,238.64999389648438,232.82000732421875,233.1300048828125,10912900,0.0,0.0
2025-04-16 00:00:00-04:00,232.0,233.5800018310547,227.92999267578125,229.61000061035156,9322300,0.0,0.0
2025-04-17 00:00:00-04:00,230.8000030517578,234.33999633789062,230.5500030517578,231.9600067138672,9553800,0.0,0.0
2025-04-21 00:00:00-04:00,230.6300048828125,231.80999755859375,226.33999633789062,228.99000549316406,8716200,0.0,0.0
2025-04-22 00:00:00-04:00,231.97999572753906,235.99000549316406,231.3699951171875,235.58999633789062,10701400,0.0,0.0
2025-04-23 00:00:00-04:00,240.22000122070312,246.7899932861328,240.0,240.8800048828125,14126800,0.0,0.0
2025-04-24 00:00:00-04:00,239.74000549316406,245.47000122070312,237.5800018310547,244.63999938964844,9055200,0.0,0.0
2025-04-25 00:00:00-04:00,244.64999389648438,245.6199951171875,241.75,243.5500030517578,8588600,0.0,0.0
2025-04-28 00:00:00-04:00,244.55999755859375,246.83999633789062,240.83999633789062,243.22000122070312,7394300,0.0,0.0
2025-04-29 00:00:00-04:00,242.19000244140625,245.25,241.69000244140625,244.6199951171875,7216800,0.0,0.0
2025-04-30 00:00:00-04:00,241.2100067138672,245.22000122070312,238.42999267578125,244.6199951171875,12991700,0.0,0.0
2025-05-01 00:00:00-04:00,242.83999633789062,248.4499969482422,242.1699981689453,246.88999938964844,8689600,0.0,0.0
2025-05-02 00:00:00-04:00,251.25999450683594,253.6186981201172,249.46290588378906,252.50999450683594,7160622,0.0,0.0
